<module name="Checker">
    <module name="TreeWalker">
        <module name="ConstantName">
            <property name="applyToPublic" value="false"/>
            <property name="applyToProtected" value="false"/>
        </module>
    </module>
</module>
<module name="Checker">
<module name="TreeWalker">
    <module name="AbstractClassName">
        <property name="format" value="^Generator.+$"/>
    </module>
</module>
</module>
<module name="Checker">
<module name="TreeWalker">
    <module name="MethodTypeParameterName">
        <property name="format" value="^[a-zA-Z]$"/>
    </module>
</module>
</module>
        