<project xmlns="http://maven.apache.org/POM/4.0.0" xmlns:xsi="http://www.w3.org/2001/XMLSchema-instance"
         xsi:schemaLocation="http://maven.apache.org/POM/4.0.0 http://maven.apache.org/xsd/maven-4.0.0.xsd">

    <modelVersion>4.0.0</modelVersion>

    <groupId>org.example</groupId>
    <artifactId>week6lab3314.3</artifactId>
    <version>1.0-SNAPSHOT</version>
    <packaging>jar</packaging>

    <name>week6lab3314.3</name>
    <url>http://maven.apache.org</url>

    <properties>
        <project.build.sourceEncoding>UTF-8</project.build.sourceEncoding>
        <maven.compiler.source>19</maven.compiler.source>
        <maven.compiler.target>19</maven.compiler.target>
    </properties>

    <dependencies>
        <dependency>
            <groupId>junit</groupId>
            <artifactId>junit</artifactId>
            <version>3.8.1</version>
            <scope>test</scope>
        </dependency>
    </dependencies>
    <build>
        <pluginManagement>
            <plugins>
                <plugin>
                    <groupId>org.apache.maven.plugins</groupId>
                    <artifactId>maven-checkstyle-plugin</artifactId>
                    <version>3.3.1</version>
                    <configuration>
                        <configLocation>checkstyle.xml</configLocation>
                        <encoding>UTF-8</encoding>
                        <consoleOutput>true</consoleOutput>
                        <includeTestSourceDirectory>true</includeTestSourceDirectory>
                        <failOnViolation>true</failOnViolation>
                        <failsOnError>true</failsOnError>
                        <configLocation>config/checkstyle/checkstyle.xml</configLocation>
                    </configuration>
                    <executions>
                        <execution>
                            <id>validate</id>
                            <phase>validate</phase>
                            <goals>
                                <goal>check</goal>
                            </goals>
                        </execution>
                    </executions>
                </plugin>
            </plugins>
        </pluginManagement>
    </build>
</project>